ObjectID,GlobalID,ParentGlobalID,CreationDate,Creator,EditDate,Editor
7,87a90622-f71f-4b87-998c-7eddd3fd3022,8cc23b05-0093-459c-af37-4f8c21416548,6/20/2023 1:20:05 PM,112phoenixmcfarlane,6/20/2023 1:20:05 PM,112phoenixmcfarlane
8,a6af50e9-de9b-461e-b473-ef10607d26b9,8cc23b05-0093-459c-af37-4f8c21416548,6/20/2023 1:20:05 PM,112phoenixmcfarlane,6/20/2023 1:20:05 PM,112phoenixmcfarlane
9,c240d51a-4d8a-4749-a41c-25ddc6297073,8cc23b05-0093-459c-af37-4f8c21416548,6/20/2023 1:20:05 PM,112phoenixmcfarlane,6/20/2023 1:20:05 PM,112phoenixmcfarlane
10,d46a5ff9-e496-406c-b467-4d3411d7b856,8cc23b05-0093-459c-af37-4f8c21416548,6/20/2023 1:20:05 PM,112phoenixmcfarlane,6/20/2023 1:20:05 PM,112phoenixmcfarlane
11,0e224db5-d4d7-4b79-baea-bd702c67931f,8cc23b05-0093-459c-af37-4f8c21416548,6/20/2023 1:20:05 PM,112phoenixmcfarlane,6/20/2023 1:20:05 PM,112phoenixmcfarlane
12,b7b4363c-82b3-41d0-9801-f19bbed45d8c,e9faf4bb-ad63-4495-a1f3-bda10ce4a60a,6/22/2023 7:33:22 PM,112phoenixmcfarlane,6/22/2023 7:33:22 PM,112phoenixmcfarlane
13,72001c74-88af-4802-99b2-77c3a63b43ef,e9faf4bb-ad63-4495-a1f3-bda10ce4a60a,6/22/2023 7:33:22 PM,112phoenixmcfarlane,6/22/2023 7:33:22 PM,112phoenixmcfarlane
14,2c0290f2-f764-4085-bdb9-1c8d2a407e13,e9faf4bb-ad63-4495-a1f3-bda10ce4a60a,6/22/2023 7:33:22 PM,112phoenixmcfarlane,6/22/2023 7:33:22 PM,112phoenixmcfarlane
15,34e4054d-1ed4-467d-ac43-3bf9ac777680,e9faf4bb-ad63-4495-a1f3-bda10ce4a60a,6/22/2023 7:33:22 PM,112phoenixmcfarlane,6/22/2023 7:33:22 PM,112phoenixmcfarlane
16,8778589b-20df-4a36-9a5a-ac24265ac4bb,e9faf4bb-ad63-4495-a1f3-bda10ce4a60a,6/22/2023 7:33:22 PM,112phoenixmcfarlane,6/22/2023 7:33:22 PM,112phoenixmcfarlane
17,f5d5fa60-fa13-4994-a929-bf2c6ffbba4e,97a5e6a6-cc0d-4f20-9fd0-2e5633e87015,6/27/2023 12:54:20 AM,hazeyserm,6/27/2023 12:54:20 AM,hazeyserm
18,edbb0599-07f5-4905-8377-2f8660fb3d57,97a5e6a6-cc0d-4f20-9fd0-2e5633e87015,6/27/2023 12:54:20 AM,hazeyserm,6/27/2023 12:54:20 AM,hazeyserm
19,4002289e-d800-4354-bd91-9b1b1e2a4c63,97a5e6a6-cc0d-4f20-9fd0-2e5633e87015,6/27/2023 12:54:20 AM,hazeyserm,6/27/2023 12:54:20 AM,hazeyserm
20,929c72a4-433b-42e6-9265-16905b4f236d,97a5e6a6-cc0d-4f20-9fd0-2e5633e87015,6/27/2023 12:54:20 AM,hazeyserm,6/27/2023 12:54:20 AM,hazeyserm
21,af7272f2-d5de-4131-99ce-739672fe260d,97a5e6a6-cc0d-4f20-9fd0-2e5633e87015,6/27/2023 12:54:20 AM,hazeyserm,6/27/2023 12:54:20 AM,hazeyserm
22,3d7dd5c1-d310-41ff-b044-e1a90eacaca6,047b1bd8-c48a-47b1-b679-578b15343998,6/30/2023 3:18:27 AM,hazeyserm,6/30/2023 3:18:27 AM,hazeyserm
23,bcf3d05d-0cf3-4d12-b996-319ee1af3272,047b1bd8-c48a-47b1-b679-578b15343998,6/30/2023 3:18:27 AM,hazeyserm,6/30/2023 3:18:27 AM,hazeyserm
24,a09692ad-387c-46a0-811c-81a66ed5e0a7,047b1bd8-c48a-47b1-b679-578b15343998,6/30/2023 3:18:27 AM,hazeyserm,6/30/2023 3:18:27 AM,hazeyserm
25,694d2e9a-4d14-42a1-aa72-d8ee2964e09d,047b1bd8-c48a-47b1-b679-578b15343998,6/30/2023 3:18:27 AM,hazeyserm,6/30/2023 3:18:27 AM,hazeyserm
26,9b07655c-9861-4d59-aea8-8c80367ae710,047b1bd8-c48a-47b1-b679-578b15343998,6/30/2023 3:18:27 AM,hazeyserm,6/30/2023 3:18:27 AM,hazeyserm
27,c3f8e685-f439-4691-b53b-32353d01fd3f,7601403e-f76e-4615-9a20-c37583992698,6/30/2023 4:02:21 PM,112phoenixmcfarlane,6/30/2023 4:02:21 PM,112phoenixmcfarlane
28,ce101dc9-98fc-4794-aef8-4abc5a1d0cfa,7601403e-f76e-4615-9a20-c37583992698,6/30/2023 4:02:21 PM,112phoenixmcfarlane,6/30/2023 4:02:21 PM,112phoenixmcfarlane
29,b74f5e57-0c2a-4847-b9b6-009020d4ab93,7601403e-f76e-4615-9a20-c37583992698,6/30/2023 4:02:21 PM,112phoenixmcfarlane,6/30/2023 4:02:21 PM,112phoenixmcfarlane
30,d9a5fc92-c834-4b23-ab6c-2551e3a2430e,7601403e-f76e-4615-9a20-c37583992698,6/30/2023 4:02:21 PM,112phoenixmcfarlane,6/30/2023 4:02:21 PM,112phoenixmcfarlane
31,8c7841ac-4e20-4d1c-ae40-6eef874f43b8,7601403e-f76e-4615-9a20-c37583992698,6/30/2023 4:02:21 PM,112phoenixmcfarlane,6/30/2023 4:02:21 PM,112phoenixmcfarlane
32,269fcf08-5c66-45dd-8299-df2a81113280,7601403e-f76e-4615-9a20-c37583992698,6/30/2023 4:02:21 PM,112phoenixmcfarlane,6/30/2023 4:02:21 PM,112phoenixmcfarlane
33,6c28e6c6-1c7f-4c80-9150-c676aebfe874,17e44a59-a0aa-4b8b-8d10-8239b8ad1c08,6/30/2023 4:17:33 PM,112phoenixmcfarlane,6/30/2023 4:17:33 PM,112phoenixmcfarlane
34,bdc2e331-8813-4372-a70b-d08008d901a9,17e44a59-a0aa-4b8b-8d10-8239b8ad1c08,6/30/2023 4:17:33 PM,112phoenixmcfarlane,6/30/2023 4:17:33 PM,112phoenixmcfarlane
35,90f1035f-81ba-4e1a-9654-fce12cd9e93d,17e44a59-a0aa-4b8b-8d10-8239b8ad1c08,6/30/2023 4:17:33 PM,112phoenixmcfarlane,6/30/2023 4:17:33 PM,112phoenixmcfarlane
36,b4559dc8-7242-44a9-9659-47326516ba1f,17e44a59-a0aa-4b8b-8d10-8239b8ad1c08,6/30/2023 4:17:33 PM,112phoenixmcfarlane,6/30/2023 4:17:33 PM,112phoenixmcfarlane
37,088fcaf5-f94e-45e1-a72e-f7b58bfe0c57,17e44a59-a0aa-4b8b-8d10-8239b8ad1c08,6/30/2023 4:17:33 PM,112phoenixmcfarlane,6/30/2023 4:17:33 PM,112phoenixmcfarlane
38,6976da20-e769-4e42-82f6-f15caa4ae617,17e44a59-a0aa-4b8b-8d10-8239b8ad1c08,6/30/2023 4:17:33 PM,112phoenixmcfarlane,6/30/2023 4:17:33 PM,112phoenixmcfarlane
39,0361888c-1216-4edb-9df0-d553c7af9639,4813488a-3156-4ac6-a857-ae3f08215ac0,7/8/2023 8:03:37 PM,hazeyserm,7/8/2023 8:03:37 PM,hazeyserm
40,e4011ffa-5283-4fb4-b203-1b0392387aee,4813488a-3156-4ac6-a857-ae3f08215ac0,7/8/2023 8:03:37 PM,hazeyserm,7/8/2023 8:03:37 PM,hazeyserm
41,ca637e11-838a-418c-87ac-d2b44cfb159e,4813488a-3156-4ac6-a857-ae3f08215ac0,7/8/2023 8:03:37 PM,hazeyserm,7/8/2023 8:03:37 PM,hazeyserm
42,38004102-67d6-4ad8-9477-ecdb28f1ce76,8ec3090c-dc6f-4e73-a64b-776812503e07,7/10/2023 4:10:23 PM,averymsigarroa,7/10/2023 4:10:23 PM,averymsigarroa
43,71e3ec75-bb25-461e-a6d3-eddd19d3a60f,8ec3090c-dc6f-4e73-a64b-776812503e07,7/10/2023 4:10:23 PM,averymsigarroa,7/10/2023 4:10:23 PM,averymsigarroa
44,cf7288c0-2ad2-4286-a640-f31c060ff456,8ec3090c-dc6f-4e73-a64b-776812503e07,7/10/2023 4:10:23 PM,averymsigarroa,7/10/2023 4:10:23 PM,averymsigarroa
45,74cb2b14-e85f-491c-8458-811186e82113,8ec3090c-dc6f-4e73-a64b-776812503e07,7/10/2023 4:10:23 PM,averymsigarroa,7/10/2023 4:10:23 PM,averymsigarroa
46,b90995e3-b66b-4b5f-a106-af9882c18ced,8ec3090c-dc6f-4e73-a64b-776812503e07,7/10/2023 4:10:23 PM,averymsigarroa,7/10/2023 4:10:23 PM,averymsigarroa
47,dfd29af4-42d6-4dbd-8f8e-cf4abb6e9001,8ec3090c-dc6f-4e73-a64b-776812503e07,7/10/2023 4:10:23 PM,averymsigarroa,7/10/2023 4:10:23 PM,averymsigarroa
48,5abf3afa-d0b5-4012-b319-56af5f13f7f7,8ec3090c-dc6f-4e73-a64b-776812503e07,7/10/2023 4:10:23 PM,averymsigarroa,7/10/2023 4:10:23 PM,averymsigarroa
49,d40b872c-5f44-454b-9849-65f577e6960c,8ec3090c-dc6f-4e73-a64b-776812503e07,7/10/2023 4:10:23 PM,averymsigarroa,7/10/2023 4:10:23 PM,averymsigarroa
50,60c79b4b-b3bc-4d54-bd03-a58d6d26b93b,8ec3090c-dc6f-4e73-a64b-776812503e07,7/10/2023 4:10:23 PM,averymsigarroa,7/10/2023 4:10:23 PM,averymsigarroa
51,ec11ca6d-9fd9-4a26-b005-7b6ad66bca4e,8ec3090c-dc6f-4e73-a64b-776812503e07,7/10/2023 4:10:23 PM,averymsigarroa,7/10/2023 4:10:23 PM,averymsigarroa
52,f62e7d3b-c7e4-45fc-8e63-3cc1405a8fc0,fde0f071-07e6-45e5-a6a3-2fd90b858738,7/10/2023 4:10:24 PM,averymsigarroa,7/10/2023 4:10:24 PM,averymsigarroa
53,44b0a669-db20-464f-80cf-58eddef58c73,fde0f071-07e6-45e5-a6a3-2fd90b858738,7/10/2023 4:10:24 PM,averymsigarroa,7/10/2023 4:10:24 PM,averymsigarroa
54,e894c066-d2e4-4aa0-8cc3-1e510183979a,fde0f071-07e6-45e5-a6a3-2fd90b858738,7/10/2023 4:10:24 PM,averymsigarroa,7/10/2023 4:10:24 PM,averymsigarroa
55,2f5640d5-a178-4bb2-b84d-65c23fbf487c,fde0f071-07e6-45e5-a6a3-2fd90b858738,7/10/2023 4:10:24 PM,averymsigarroa,7/10/2023 4:10:24 PM,averymsigarroa
56,2e115c20-36ed-49e7-b7cc-4f036371bd1d,fde0f071-07e6-45e5-a6a3-2fd90b858738,7/10/2023 4:10:24 PM,averymsigarroa,7/10/2023 4:10:24 PM,averymsigarroa
57,e7538450-12e4-43b1-9865-bb79fb5928fb,acfcbca3-27d5-48d0-a96b-b6814ab80a98,7/10/2023 4:10:24 PM,averymsigarroa,7/10/2023 4:10:24 PM,averymsigarroa
58,23e70f64-a2db-4cc1-b7fc-499607bc80d2,acfcbca3-27d5-48d0-a96b-b6814ab80a98,7/10/2023 4:10:24 PM,averymsigarroa,7/10/2023 4:10:24 PM,averymsigarroa
59,1de90192-c9c4-4fd7-b004-7da4b69b7800,acfcbca3-27d5-48d0-a96b-b6814ab80a98,7/10/2023 4:10:24 PM,averymsigarroa,7/10/2023 4:10:24 PM,averymsigarroa
60,d8e45131-3022-42b6-8d46-ec4d7ab7dba5,acfcbca3-27d5-48d0-a96b-b6814ab80a98,7/10/2023 4:10:24 PM,averymsigarroa,7/10/2023 4:10:24 PM,averymsigarroa
61,a02d111a-5fad-4b83-89f4-f77262249780,acfcbca3-27d5-48d0-a96b-b6814ab80a98,7/10/2023 4:10:24 PM,averymsigarroa,7/10/2023 4:10:24 PM,averymsigarroa
62,b0333d80-9bb8-406c-bb8c-6893552d5c7b,5afcefbf-a549-401b-93e6-f3dd7d157912,7/16/2023 3:18:10 PM,112phoenixmcfarlane,7/16/2023 3:18:10 PM,112phoenixmcfarlane
63,47b05456-2947-438b-b580-a26737134e69,5afcefbf-a549-401b-93e6-f3dd7d157912,7/16/2023 3:18:10 PM,112phoenixmcfarlane,7/16/2023 3:18:10 PM,112phoenixmcfarlane
64,d0b5a82e-0241-4896-abf5-7292a0d2e95b,5afcefbf-a549-401b-93e6-f3dd7d157912,7/16/2023 3:18:10 PM,112phoenixmcfarlane,7/16/2023 3:18:10 PM,112phoenixmcfarlane
65,463d601b-96d4-4d10-bbff-0fa96aa1527c,5afcefbf-a549-401b-93e6-f3dd7d157912,7/16/2023 3:18:10 PM,112phoenixmcfarlane,7/16/2023 3:18:10 PM,112phoenixmcfarlane
66,3529e423-4e33-4437-956e-5dd5e6dd161c,5afcefbf-a549-401b-93e6-f3dd7d157912,7/16/2023 3:18:10 PM,112phoenixmcfarlane,7/16/2023 3:18:10 PM,112phoenixmcfarlane
67,ad1781ef-35f8-41c4-bd99-2c76be5bb216,b82e0af3-49c3-44db-8e49-bcb1bf1f93a4,7/17/2023 4:09:50 PM,averymsigarroa,7/17/2023 4:09:50 PM,averymsigarroa
68,c04e6873-b684-407d-9993-422436d4ca74,b82e0af3-49c3-44db-8e49-bcb1bf1f93a4,7/17/2023 4:09:50 PM,averymsigarroa,7/17/2023 4:09:50 PM,averymsigarroa
69,c5a1cffb-df31-4ff7-837d-bd0c97113825,b82e0af3-49c3-44db-8e49-bcb1bf1f93a4,7/17/2023 4:09:50 PM,averymsigarroa,7/17/2023 4:09:50 PM,averymsigarroa
70,ffa87518-1a43-4fa3-bd0a-c0f22d89517e,b82e0af3-49c3-44db-8e49-bcb1bf1f93a4,7/17/2023 4:09:50 PM,averymsigarroa,7/17/2023 4:09:50 PM,averymsigarroa
71,6fbb9ef5-2ec8-46fd-aebc-57518d91e162,b82e0af3-49c3-44db-8e49-bcb1bf1f93a4,7/17/2023 4:09:50 PM,averymsigarroa,7/17/2023 4:09:50 PM,averymsigarroa
72,b761b0f1-db68-41ef-b2e9-99d740e60fa6,7fa23473-70c6-4d93-b8dd-97523542eda8,7/20/2023 7:21:46 PM,112phoenixmcfarlane,7/20/2023 7:21:46 PM,112phoenixmcfarlane
73,6e07cc9e-2c55-4831-9130-01713e1bbd65,7fa23473-70c6-4d93-b8dd-97523542eda8,7/20/2023 7:21:46 PM,112phoenixmcfarlane,7/20/2023 7:21:46 PM,112phoenixmcfarlane
74,36b58f1d-92b7-45f2-b202-26f352b69435,7fa23473-70c6-4d93-b8dd-97523542eda8,7/20/2023 7:21:46 PM,112phoenixmcfarlane,7/20/2023 7:21:46 PM,112phoenixmcfarlane
75,cecc5981-0d9d-4d56-ad13-77c5857a6545,7fa23473-70c6-4d93-b8dd-97523542eda8,7/20/2023 7:21:46 PM,112phoenixmcfarlane,7/20/2023 7:21:46 PM,112phoenixmcfarlane
76,280e2752-4c80-42d0-959e-6a80564e8e15,7fa23473-70c6-4d93-b8dd-97523542eda8,7/20/2023 7:21:46 PM,112phoenixmcfarlane,7/20/2023 7:21:46 PM,112phoenixmcfarlane
77,ddd1e777-4076-4650-ae18-077e2c2e65cd,c49b1f18-36e9-4dd6-9582-e393877ffc95,7/20/2023 9:12:55 PM,averymsigarroa,7/20/2023 9:12:55 PM,averymsigarroa
78,9de808e6-ea84-4b8c-b2a8-960c3e3c347d,c49b1f18-36e9-4dd6-9582-e393877ffc95,7/20/2023 9:12:55 PM,averymsigarroa,7/20/2023 9:12:55 PM,averymsigarroa
79,57939060-016a-4807-b2e4-8e3a945282af,c49b1f18-36e9-4dd6-9582-e393877ffc95,7/20/2023 9:12:55 PM,averymsigarroa,7/20/2023 9:12:55 PM,averymsigarroa
80,77bda4ce-6f02-409d-aaed-c2cbe6878ae7,c49b1f18-36e9-4dd6-9582-e393877ffc95,7/20/2023 9:12:55 PM,averymsigarroa,7/20/2023 9:12:55 PM,averymsigarroa
81,4969324e-ccbb-414b-9828-f45d67f6ec68,c49b1f18-36e9-4dd6-9582-e393877ffc95,7/20/2023 9:12:55 PM,averymsigarroa,7/20/2023 9:12:55 PM,averymsigarroa
82,e3c01a31-c858-4e27-b624-24089f68e0de,c49b1f18-36e9-4dd6-9582-e393877ffc95,7/20/2023 9:12:55 PM,averymsigarroa,7/20/2023 9:12:55 PM,averymsigarroa
83,3c595959-0434-4456-964f-99e4173ad3b2,291dfc39-0f03-4cb6-8943-b25fc48a0fc7,7/21/2023 12:17:09 AM,hazeyserm,7/21/2023 12:17:09 AM,hazeyserm
84,ebe578ae-1806-4530-9474-59690ffb9de7,291dfc39-0f03-4cb6-8943-b25fc48a0fc7,7/21/2023 12:17:09 AM,hazeyserm,7/21/2023 12:17:09 AM,hazeyserm
85,c85cb7c3-3e13-48ed-beca-e3cafba04390,291dfc39-0f03-4cb6-8943-b25fc48a0fc7,7/21/2023 12:17:09 AM,hazeyserm,7/21/2023 12:17:09 AM,hazeyserm
86,11593f52-2934-473c-bfd8-1b46c05176bb,291dfc39-0f03-4cb6-8943-b25fc48a0fc7,7/21/2023 12:17:09 AM,hazeyserm,7/21/2023 12:17:09 AM,hazeyserm
87,d22c8518-906d-499e-9e18-ccef82f12c55,291dfc39-0f03-4cb6-8943-b25fc48a0fc7,7/21/2023 12:17:09 AM,hazeyserm,7/21/2023 12:17:09 AM,hazeyserm
88,e384ff0f-b4c9-4c93-8c36-e8bd9c547973,9543458f-a363-461b-8ca8-5b38ec268ae6,7/21/2023 12:23:21 AM,hazeyserm,7/21/2023 12:23:21 AM,hazeyserm
89,bc8b7a60-a1f2-4f4f-8754-5b2a910d09fc,9543458f-a363-461b-8ca8-5b38ec268ae6,7/21/2023 12:23:21 AM,hazeyserm,7/21/2023 12:23:21 AM,hazeyserm
90,c88f5938-38f8-479c-a3a1-375a4c09c1e9,9543458f-a363-461b-8ca8-5b38ec268ae6,7/21/2023 12:23:21 AM,hazeyserm,7/21/2023 12:23:21 AM,hazeyserm
91,7c90bcb9-dbd2-4f03-8847-645b04a9571c,9543458f-a363-461b-8ca8-5b38ec268ae6,7/21/2023 12:23:21 AM,hazeyserm,7/21/2023 12:23:21 AM,hazeyserm
92,20f2aa84-c051-471f-9b5c-0df00741cf78,9543458f-a363-461b-8ca8-5b38ec268ae6,7/21/2023 12:23:21 AM,hazeyserm,7/21/2023 12:23:21 AM,hazeyserm
93,13c48aa3-8ac9-4189-afa9-2e7eb97667c7,7e883d94-98c1-4aaa-8118-bda5ad856c98,7/29/2023 9:03:48 PM,hazeyserm,7/29/2023 9:03:48 PM,hazeyserm
94,c9bc1433-aa0e-4a10-8b3a-d2ec0db217db,7e883d94-98c1-4aaa-8118-bda5ad856c98,7/29/2023 9:03:48 PM,hazeyserm,7/29/2023 9:03:48 PM,hazeyserm
95,532ff7e1-fbdf-42ba-b4d3-d843d1238373,7e883d94-98c1-4aaa-8118-bda5ad856c98,7/29/2023 9:03:48 PM,hazeyserm,7/29/2023 9:03:48 PM,hazeyserm
96,fd4d2f51-19fb-45d3-9d69-59c15ab62b71,7e883d94-98c1-4aaa-8118-bda5ad856c98,7/29/2023 9:03:48 PM,hazeyserm,7/29/2023 9:03:48 PM,hazeyserm
97,5d0015a6-f6b0-4023-b7ca-d49744ffa129,7e883d94-98c1-4aaa-8118-bda5ad856c98,7/29/2023 9:03:48 PM,hazeyserm,7/29/2023 9:03:48 PM,hazeyserm
98,305da6b2-c2e2-4748-ae4f-7e86e7e39bff,4aaaea8b-1175-498a-9ef7-b938fa5e1178,7/29/2023 9:10:48 PM,hazeyserm,7/29/2023 9:10:48 PM,hazeyserm
99,a8f9261d-8185-4df1-8548-549e43d06ebb,4aaaea8b-1175-498a-9ef7-b938fa5e1178,7/29/2023 9:10:48 PM,hazeyserm,7/29/2023 9:10:48 PM,hazeyserm
100,e639a1db-9f72-428b-ab44-c1da9ce777e9,4aaaea8b-1175-498a-9ef7-b938fa5e1178,7/29/2023 9:10:48 PM,hazeyserm,7/29/2023 9:10:48 PM,hazeyserm
101,286785b0-454d-4c85-bc0f-67c32ffd76ea,4aaaea8b-1175-498a-9ef7-b938fa5e1178,7/29/2023 9:10:48 PM,hazeyserm,7/29/2023 9:10:48 PM,hazeyserm
102,daa148c1-8c7a-4cad-9632-8067f5737ea8,4aaaea8b-1175-498a-9ef7-b938fa5e1178,7/29/2023 9:10:48 PM,hazeyserm,7/29/2023 9:10:48 PM,hazeyserm
103,fccf5984-9853-4bb7-8db3-fb8c93a7d8a2,f39cba9d-08bc-4146-bfa1-3a4d2c1f7f0f,7/31/2023 5:02:02 PM,paytonlott00,7/31/2023 5:02:02 PM,paytonlott00
104,79006796-5d6a-4a56-9c60-8f7c28112f98,f39cba9d-08bc-4146-bfa1-3a4d2c1f7f0f,7/31/2023 5:02:02 PM,paytonlott00,7/31/2023 5:02:02 PM,paytonlott00
105,9614bdf9-7efc-41ef-8da5-e09b6e96c23e,f39cba9d-08bc-4146-bfa1-3a4d2c1f7f0f,7/31/2023 5:02:02 PM,paytonlott00,7/31/2023 5:02:02 PM,paytonlott00
106,1b137633-2bc3-4300-8ae5-8543716b6940,f39cba9d-08bc-4146-bfa1-3a4d2c1f7f0f,7/31/2023 5:02:02 PM,paytonlott00,7/31/2023 5:02:02 PM,paytonlott00
107,f081f450-27db-410b-9c96-f1195760f35e,f39cba9d-08bc-4146-bfa1-3a4d2c1f7f0f,7/31/2023 5:02:02 PM,paytonlott00,7/31/2023 5:02:02 PM,paytonlott00
108,a06fba61-c551-4f3a-9e6c-493e520199dc,cf676012-585f-415c-9646-f832dee283ee,7/31/2023 5:02:03 PM,paytonlott00,7/31/2023 5:02:03 PM,paytonlott00
109,837b3c4e-666c-4936-96b8-3885fa42a937,cf676012-585f-415c-9646-f832dee283ee,7/31/2023 5:02:03 PM,paytonlott00,7/31/2023 5:02:03 PM,paytonlott00
110,bdad14e1-0deb-42fe-aa9d-583c81a856d7,cf676012-585f-415c-9646-f832dee283ee,7/31/2023 5:02:03 PM,paytonlott00,7/31/2023 5:02:03 PM,paytonlott00
111,ccffc65e-7cf8-4499-aa4d-7e3a1fbdfd1c,cf676012-585f-415c-9646-f832dee283ee,7/31/2023 5:02:03 PM,paytonlott00,7/31/2023 5:02:03 PM,paytonlott00
112,262ec0c8-d602-4b8c-ae78-b6a25e15bf6e,c91f57b8-4449-43d0-bd93-611270cd483a,7/31/2023 5:02:04 PM,paytonlott00,7/31/2023 5:02:04 PM,paytonlott00
113,53442233-0cdd-47f3-9a6f-321568cd996b,c91f57b8-4449-43d0-bd93-611270cd483a,7/31/2023 5:02:04 PM,paytonlott00,7/31/2023 5:02:04 PM,paytonlott00
114,03b40c9e-23d3-4273-8f0d-2dde6902d8bf,c91f57b8-4449-43d0-bd93-611270cd483a,7/31/2023 5:02:04 PM,paytonlott00,7/31/2023 5:02:04 PM,paytonlott00
115,ce0cc1e1-a976-4aac-83a9-84af867f7308,c91f57b8-4449-43d0-bd93-611270cd483a,7/31/2023 5:02:04 PM,paytonlott00,7/31/2023 5:02:04 PM,paytonlott00
116,833d5312-6b7b-4f56-824d-ad665a7588a7,c91f57b8-4449-43d0-bd93-611270cd483a,7/31/2023 5:02:04 PM,paytonlott00,7/31/2023 5:02:04 PM,paytonlott00
117,b572b79d-87f2-456c-bc25-bad0ef7ea5c5,c91f57b8-4449-43d0-bd93-611270cd483a,7/31/2023 5:02:04 PM,paytonlott00,7/31/2023 5:02:04 PM,paytonlott00
119,86a0b9ed-e566-42b2-b1eb-c0343c7690eb,b8818338-b6eb-4478-b941-d589aca22d5d,8/4/2023 1:25:24 AM,lmartin49,8/4/2023 1:25:24 AM,lmartin49
120,0b8f14c1-8e62-4440-8cd1-5453920e3248,b8818338-b6eb-4478-b941-d589aca22d5d,8/4/2023 1:25:24 AM,lmartin49,8/4/2023 1:25:24 AM,lmartin49
121,3f4a0d6b-1f5f-4929-af35-b44287efca3a,b8818338-b6eb-4478-b941-d589aca22d5d,8/4/2023 1:25:24 AM,lmartin49,8/4/2023 1:25:24 AM,lmartin49
122,b2b98151-d516-4bd7-9d5e-22332b48c835,b8818338-b6eb-4478-b941-d589aca22d5d,8/4/2023 1:25:24 AM,lmartin49,8/4/2023 1:25:24 AM,lmartin49
123,f61bba1e-a29f-48ef-80cb-07795a0fce2d,b8818338-b6eb-4478-b941-d589aca22d5d,8/4/2023 1:25:24 AM,lmartin49,8/4/2023 1:25:24 AM,lmartin49
124,e316642b-35fe-4723-a00d-e0c16a6513a6,b8818338-b6eb-4478-b941-d589aca22d5d,8/4/2023 1:25:24 AM,lmartin49,8/4/2023 1:25:24 AM,lmartin49
125,ff59a4c8-543a-4154-bf24-2b97d77f0b95,19733d61-e16e-4beb-bc5e-21e512db4168,8/4/2023 1:25:24 AM,lmartin49,8/4/2023 1:25:24 AM,lmartin49
126,1fd4962d-3362-4c08-bfbe-fe53d12f45d1,3370490d-217f-4fe0-aaac-f8135bc4dff2,8/4/2023 1:25:25 AM,lmartin49,8/4/2023 1:25:25 AM,lmartin49
127,5e61cfbe-b23f-465b-ac17-322d14420c84,3370490d-217f-4fe0-aaac-f8135bc4dff2,8/4/2023 1:25:25 AM,lmartin49,8/4/2023 1:25:25 AM,lmartin49
128,a55d6813-c97d-4007-973e-3d69acfccc38,3370490d-217f-4fe0-aaac-f8135bc4dff2,8/4/2023 1:25:25 AM,lmartin49,8/4/2023 1:25:25 AM,lmartin49
129,bc560077-d6cb-4dfe-a4e3-024d3c6193d6,3370490d-217f-4fe0-aaac-f8135bc4dff2,8/4/2023 1:25:25 AM,lmartin49,8/4/2023 1:25:25 AM,lmartin49
130,5f94f501-1b0a-4b63-8165-53131b0d3192,3370490d-217f-4fe0-aaac-f8135bc4dff2,8/4/2023 1:25:25 AM,lmartin49,8/4/2023 1:25:25 AM,lmartin49
131,ff6f7b85-68cb-4c0e-a175-51c22d1e84d8,03c74547-f210-4c9a-bf87-f55c2e68b591,8/4/2023 1:25:25 AM,lmartin49,8/4/2023 1:25:25 AM,lmartin49
132,7faa95cd-7ff5-4f70-b072-309717d47c5b,03c74547-f210-4c9a-bf87-f55c2e68b591,8/4/2023 1:25:25 AM,lmartin49,8/4/2023 1:25:25 AM,lmartin49
133,e743c1ca-0b01-4216-a757-c53b954365b1,03c74547-f210-4c9a-bf87-f55c2e68b591,8/4/2023 1:25:25 AM,lmartin49,8/4/2023 1:25:25 AM,lmartin49
134,a5e827a6-5df4-4129-9974-d9d907e014ad,03c74547-f210-4c9a-bf87-f55c2e68b591,8/4/2023 1:25:25 AM,lmartin49,8/4/2023 1:25:25 AM,lmartin49
135,12785776-5911-410f-a7d2-a87334f0ba2a,03c74547-f210-4c9a-bf87-f55c2e68b591,8/4/2023 1:25:25 AM,lmartin49,8/4/2023 1:25:25 AM,lmartin49
136,a1aeebda-a9b1-4f68-aae8-d87b8fdcfc22,2075a50b-f1d7-46fb-98c5-73ae9396a225,8/4/2023 1:25:26 AM,lmartin49,8/4/2023 1:25:26 AM,lmartin49
137,94190ae9-20ef-41f3-a431-2381eb880b64,2075a50b-f1d7-46fb-98c5-73ae9396a225,8/4/2023 1:25:26 AM,lmartin49,8/4/2023 1:25:26 AM,lmartin49
138,afd7937f-ca91-46a6-87b0-ce2d8b506b5b,2075a50b-f1d7-46fb-98c5-73ae9396a225,8/4/2023 1:25:26 AM,lmartin49,8/4/2023 1:25:26 AM,lmartin49
139,4a57bcf6-5d29-409e-b5da-ecf2bbc08e24,4f6a2652-2f69-44f3-8a54-f4c023c2c247,8/4/2023 1:25:26 AM,lmartin49,8/4/2023 1:25:26 AM,lmartin49
140,1f7214f7-b76b-4811-8806-5d165ff62b65,4f6a2652-2f69-44f3-8a54-f4c023c2c247,8/4/2023 1:25:26 AM,lmartin49,8/4/2023 1:25:26 AM,lmartin49
141,f1a95f5e-ad5e-451b-84de-0bd897c6c074,4f6a2652-2f69-44f3-8a54-f4c023c2c247,8/4/2023 1:25:26 AM,lmartin49,8/4/2023 1:25:26 AM,lmartin49
142,9770b3a7-db52-4448-aed2-a2dfe37fd34d,4f6a2652-2f69-44f3-8a54-f4c023c2c247,8/4/2023 1:25:26 AM,lmartin49,8/4/2023 1:25:26 AM,lmartin49
143,d0200384-b1ba-4748-bb5f-f2717f6d7abe,4f6a2652-2f69-44f3-8a54-f4c023c2c247,8/4/2023 1:25:26 AM,lmartin49,8/4/2023 1:25:26 AM,lmartin49
144,d9093997-5aff-47c4-a6a0-eaa77b5f9ef5,b4d7a44e-702a-4959-81f7-a6272ef82b2a,8/4/2023 1:25:27 AM,lmartin49,8/4/2023 1:25:27 AM,lmartin49
145,ac8a5591-e7b8-4e08-b0e5-b2d45009fc8a,5396f7c2-6701-4be4-850a-3656d5d60daa,8/4/2023 1:25:28 AM,lmartin49,8/4/2023 1:25:28 AM,lmartin49
146,7613b977-5b55-4574-a2f0-36e1ceeedfaf,ad074036-f5bb-4ef8-b836-9d75c48adef5,8/4/2023 1:25:28 AM,lmartin49,8/4/2023 1:25:28 AM,lmartin49
147,d45ea262-5364-4a6d-a896-681a85b60394,a9620dcf-34af-408d-a1a5-eccb1276c196,8/4/2023 1:25:28 AM,lmartin49,8/4/2023 1:25:28 AM,lmartin49
148,34dd269e-8cca-4298-8066-1a2e025a00e0,56327389-6aff-4cdd-a4ba-fa52d83db414,8/7/2023 2:52:33 PM,hazeyserm,8/7/2023 2:52:33 PM,hazeyserm
149,e846e966-e88a-4eca-a898-6f2cac8d1727,56327389-6aff-4cdd-a4ba-fa52d83db414,8/7/2023 2:52:33 PM,hazeyserm,8/7/2023 2:52:33 PM,hazeyserm
150,21adca46-0af3-48f2-9ce6-1488077ed1d1,56327389-6aff-4cdd-a4ba-fa52d83db414,8/7/2023 2:52:33 PM,hazeyserm,8/7/2023 2:52:33 PM,hazeyserm
151,fff9cdf7-f827-4d44-adf5-122af76184f4,56327389-6aff-4cdd-a4ba-fa52d83db414,8/7/2023 2:52:33 PM,hazeyserm,8/7/2023 2:52:33 PM,hazeyserm
152,0ffdf40a-fdd8-4afe-8ae0-5c983ff4e37b,56327389-6aff-4cdd-a4ba-fa52d83db414,8/7/2023 2:52:33 PM,hazeyserm,8/7/2023 2:52:33 PM,hazeyserm
153,8503b908-23e9-4341-bd70-6db4e159c6ad,2b25c854-30be-4302-95e9-1b051b8544bd,8/7/2023 2:57:24 PM,hazeyserm,8/7/2023 2:57:24 PM,hazeyserm
154,9f4fd755-a231-4fb2-9fcc-a749248dd9f8,2b25c854-30be-4302-95e9-1b051b8544bd,8/7/2023 2:57:24 PM,hazeyserm,8/7/2023 2:57:24 PM,hazeyserm
155,a63ed1ca-ce0d-4fb9-acb2-a3dd13f04161,2b25c854-30be-4302-95e9-1b051b8544bd,8/7/2023 2:57:24 PM,hazeyserm,8/7/2023 2:57:24 PM,hazeyserm
156,2bc0e68d-94e1-4491-932a-5cf0dd9a3461,2b25c854-30be-4302-95e9-1b051b8544bd,8/7/2023 2:57:24 PM,hazeyserm,8/7/2023 2:57:24 PM,hazeyserm
157,49775e54-9291-47d5-be85-4cbda2d570cf,2b25c854-30be-4302-95e9-1b051b8544bd,8/7/2023 2:57:24 PM,hazeyserm,8/7/2023 2:57:24 PM,hazeyserm
158,3dd9e5ce-2409-405b-bfdf-9ba50dec52d8,8f33529e-a18d-4e40-8ae1-59a4b9af14c2,8/8/2023 10:35:39 PM,averymsigarroa,8/8/2023 10:35:39 PM,averymsigarroa
159,4bd2b684-35ef-4f5a-813f-82c6c9f6160c,8f33529e-a18d-4e40-8ae1-59a4b9af14c2,8/8/2023 10:35:39 PM,averymsigarroa,8/8/2023 10:35:39 PM,averymsigarroa
160,ee421669-9c79-4cfb-a2f3-5c778928a1ea,8f33529e-a18d-4e40-8ae1-59a4b9af14c2,8/8/2023 10:35:39 PM,averymsigarroa,8/8/2023 10:35:39 PM,averymsigarroa
161,e8cc5a52-6503-475b-996a-32dceb832639,63aa8998-212f-442f-b9df-3f4115ffd69c,8/10/2023 5:29:15 PM,hazeyserm,8/10/2023 5:29:15 PM,hazeyserm
162,03e4ad3e-cfcf-4277-920e-5ec6be3cac13,63aa8998-212f-442f-b9df-3f4115ffd69c,8/10/2023 5:29:15 PM,hazeyserm,8/10/2023 5:29:15 PM,hazeyserm
163,871fd9cd-0ce1-4c22-9712-ec6d9b22d6d6,63aa8998-212f-442f-b9df-3f4115ffd69c,8/10/2023 5:29:15 PM,hazeyserm,8/10/2023 5:29:15 PM,hazeyserm
164,4137f0ee-817e-4864-aa8c-2b06e03d7e7f,63aa8998-212f-442f-b9df-3f4115ffd69c,8/10/2023 5:29:15 PM,hazeyserm,8/10/2023 5:29:15 PM,hazeyserm
165,6c5b2dfa-df90-4454-ba00-41cbf22ccc62,63aa8998-212f-442f-b9df-3f4115ffd69c,8/10/2023 5:29:15 PM,hazeyserm,8/10/2023 5:29:15 PM,hazeyserm
166,e5dd5ed1-89b1-4c57-8cc1-e6fa19644be6,d411a350-2ef9-4c33-82a5-3be804487280,8/17/2023 7:03:46 PM,hazeyserm,8/17/2023 7:03:46 PM,hazeyserm
167,0127ad23-9189-4414-8d14-c2060c9cc3b8,d411a350-2ef9-4c33-82a5-3be804487280,8/17/2023 7:03:46 PM,hazeyserm,8/17/2023 7:03:46 PM,hazeyserm
168,d6afd86a-b49e-4e9c-b0a5-2550a7ed3f9e,d411a350-2ef9-4c33-82a5-3be804487280,8/17/2023 7:03:46 PM,hazeyserm,8/17/2023 7:03:46 PM,hazeyserm
169,39dd5f04-515a-48c4-83c8-231a4e0feb3a,d411a350-2ef9-4c33-82a5-3be804487280,8/17/2023 7:03:46 PM,hazeyserm,8/17/2023 7:03:46 PM,hazeyserm
170,23cf0bcf-feb9-4a6b-bb2e-c22ed3afc851,d411a350-2ef9-4c33-82a5-3be804487280,8/17/2023 7:03:46 PM,hazeyserm,8/17/2023 7:03:46 PM,hazeyserm
171,32a6b12c-4047-4306-b7b0-a212dc6ba19c,207b3864-e75e-4654-9764-ace1fff0d686,8/21/2023 3:11:30 PM,averymsigarroa,8/21/2023 3:11:30 PM,averymsigarroa
172,efdef16f-3a21-45ee-9ce8-b6eceb858439,207b3864-e75e-4654-9764-ace1fff0d686,8/21/2023 3:11:30 PM,averymsigarroa,8/21/2023 3:11:30 PM,averymsigarroa
173,1e2bcd74-e955-41bc-a237-68df55400a6f,207b3864-e75e-4654-9764-ace1fff0d686,8/21/2023 3:11:30 PM,averymsigarroa,8/21/2023 3:11:30 PM,averymsigarroa
174,caf6e338-426a-4934-bf15-4b2ca1066772,207b3864-e75e-4654-9764-ace1fff0d686,8/21/2023 3:11:30 PM,averymsigarroa,8/21/2023 3:11:30 PM,averymsigarroa
175,59d70a54-ade0-4f22-bc77-274d62c8037c,207b3864-e75e-4654-9764-ace1fff0d686,8/21/2023 3:11:30 PM,averymsigarroa,8/21/2023 3:11:30 PM,averymsigarroa
176,2c82570e-18dc-4a58-b3db-4931d03ec4e4,207b3864-e75e-4654-9764-ace1fff0d686,8/21/2023 3:11:30 PM,averymsigarroa,8/21/2023 3:11:30 PM,averymsigarroa
177,3dd8c6d0-fed2-4197-ba53-5cbf481e7af7,207b3864-e75e-4654-9764-ace1fff0d686,8/21/2023 3:11:30 PM,averymsigarroa,8/21/2023 3:11:30 PM,averymsigarroa
178,6deb2101-4e3b-4254-87a1-9baaf7883666,0063a3e1-65f9-4712-89e1-ef773fc6e458,8/21/2023 5:45:09 PM,paytonlott00,8/21/2023 5:45:09 PM,paytonlott00
179,ca14ab87-1f9d-4d6f-9821-03086037fa48,0063a3e1-65f9-4712-89e1-ef773fc6e458,8/21/2023 5:45:09 PM,paytonlott00,8/21/2023 5:45:09 PM,paytonlott00
180,a364a602-56f3-4fa0-ae9f-b3792a607a4d,e14ffaaf-b6cf-4928-8e5c-9fe7090567bc,8/21/2023 10:44:51 PM,lmartin49,8/21/2023 10:44:51 PM,lmartin49
181,60e5fb0e-3e6c-48c5-bd45-55950e12f842,e14ffaaf-b6cf-4928-8e5c-9fe7090567bc,8/21/2023 10:44:51 PM,lmartin49,8/21/2023 10:44:51 PM,lmartin49
182,134e372f-49f2-4e28-81bc-2ea14b145c00,e14ffaaf-b6cf-4928-8e5c-9fe7090567bc,8/21/2023 10:44:51 PM,lmartin49,8/21/2023 10:44:51 PM,lmartin49
183,e42f8442-f7a0-473c-a8d6-90d3c90f8b20,e14ffaaf-b6cf-4928-8e5c-9fe7090567bc,8/21/2023 10:44:51 PM,lmartin49,8/21/2023 10:44:51 PM,lmartin49
184,d0f1b572-2db1-4612-9ea9-0cae92b7b6f2,e14ffaaf-b6cf-4928-8e5c-9fe7090567bc,8/21/2023 10:44:51 PM,lmartin49,8/21/2023 10:44:51 PM,lmartin49
185,42c847c6-ddbc-4a0f-8ded-7c151dd6c796,54e0ade5-432d-4e48-bebb-02ef479e555e,8/23/2023 6:09:19 PM,lmartin49,8/23/2023 6:09:19 PM,lmartin49
186,77d14d10-b226-421b-894a-4232ed1753ce,54e0ade5-432d-4e48-bebb-02ef479e555e,8/23/2023 6:09:19 PM,lmartin49,8/23/2023 6:09:19 PM,lmartin49
187,fb750b7f-57cd-4118-8fa3-8e900d9f2ef8,54e0ade5-432d-4e48-bebb-02ef479e555e,8/23/2023 6:09:19 PM,lmartin49,8/23/2023 6:09:19 PM,lmartin49
188,00679036-b08c-4148-b6d0-ef625ce3e3af,54e0ade5-432d-4e48-bebb-02ef479e555e,8/23/2023 6:09:19 PM,lmartin49,8/23/2023 6:09:19 PM,lmartin49
189,de2cc3fc-7201-4764-892f-f36239b0eb01,1d0b78cb-b22b-45d9-94d7-896e396839d0,8/23/2023 6:09:19 PM,lmartin49,8/23/2023 6:09:19 PM,lmartin49
190,e6e68dca-faa0-429c-a2f6-71a7b9fed0c4,1d0b78cb-b22b-45d9-94d7-896e396839d0,8/23/2023 6:09:19 PM,lmartin49,8/23/2023 6:09:19 PM,lmartin49
191,3b6d6850-03cc-4b84-85b6-fa51bde465ad,1d0b78cb-b22b-45d9-94d7-896e396839d0,8/23/2023 6:09:19 PM,lmartin49,8/23/2023 6:09:19 PM,lmartin49
192,669b20d8-53e7-4d16-bb0e-c743fd570236,1d0b78cb-b22b-45d9-94d7-896e396839d0,8/23/2023 6:09:19 PM,lmartin49,8/23/2023 6:09:19 PM,lmartin49
193,45d948e7-88ee-40e3-abde-467affd76e5e,1d0b78cb-b22b-45d9-94d7-896e396839d0,8/23/2023 6:09:19 PM,lmartin49,8/23/2023 6:09:19 PM,lmartin49
194,cb87ba07-adb2-4f23-bfc5-5f406dc665f1,6bc8e10b-f8ec-48cc-bdf6-c3884697cc65,8/23/2023 6:09:20 PM,lmartin49,8/23/2023 6:09:20 PM,lmartin49
195,4f2e9292-b370-4d6e-9294-b32dbdceb200,6bc8e10b-f8ec-48cc-bdf6-c3884697cc65,8/23/2023 6:09:20 PM,lmartin49,8/23/2023 6:09:20 PM,lmartin49
196,90c7a063-0a83-403d-a4d9-a3e3bf273275,6bc8e10b-f8ec-48cc-bdf6-c3884697cc65,8/23/2023 6:09:20 PM,lmartin49,8/23/2023 6:09:20 PM,lmartin49
197,1cf74b2e-1006-4db7-91fb-52c0634a310c,6bc8e10b-f8ec-48cc-bdf6-c3884697cc65,8/23/2023 6:09:20 PM,lmartin49,8/23/2023 6:09:20 PM,lmartin49
198,765376a9-2f4b-40e7-82f7-45ae4360bf69,7c178caa-cad2-4b66-97f6-b816eac98611,8/23/2023 6:09:21 PM,lmartin49,8/23/2023 6:09:21 PM,lmartin49
199,13b2333e-292d-48a0-8b7f-b012820fb135,7c178caa-cad2-4b66-97f6-b816eac98611,8/23/2023 6:09:21 PM,lmartin49,8/23/2023 6:09:21 PM,lmartin49
200,c557ba8f-a709-484c-b0a8-b4c065ccabfc,7c178caa-cad2-4b66-97f6-b816eac98611,8/23/2023 6:09:21 PM,lmartin49,8/23/2023 6:09:21 PM,lmartin49
201,c5c4c2f3-0997-462c-ba99-c4c2294d5f18,7c178caa-cad2-4b66-97f6-b816eac98611,8/23/2023 6:09:21 PM,lmartin49,8/23/2023 6:09:21 PM,lmartin49
202,c61a193a-0e8b-47ca-b03b-47d176169e55,025774b5-199e-4c49-8c2f-3857ae7153b0,8/23/2023 6:09:21 PM,lmartin49,8/23/2023 6:09:21 PM,lmartin49
203,d733d9cd-cf3a-4645-8099-7a7fda453cee,025774b5-199e-4c49-8c2f-3857ae7153b0,8/23/2023 6:09:21 PM,lmartin49,8/23/2023 6:09:21 PM,lmartin49
204,73e1365b-1794-4ace-a889-fa3473541bff,025774b5-199e-4c49-8c2f-3857ae7153b0,8/23/2023 6:09:21 PM,lmartin49,8/23/2023 6:09:21 PM,lmartin49
205,47931e62-f20e-4fe3-aa48-a16b054c95cb,025774b5-199e-4c49-8c2f-3857ae7153b0,8/23/2023 6:09:21 PM,lmartin49,8/23/2023 6:09:21 PM,lmartin49
206,3cdcce0e-00de-4c45-9a99-1ab70469d94e,2075a50b-f1d7-46fb-98c5-73ae9396a225,8/23/2023 7:49:32 PM,lmartin49,8/23/2023 7:49:32 PM,lmartin49
207,b79eae55-c341-4bb2-9d1e-e6a4cb632d2a,b4d7a44e-702a-4959-81f7-a6272ef82b2a,8/23/2023 8:40:58 PM,lmartin49,8/23/2023 8:40:58 PM,lmartin49
208,776d64fd-8573-40ff-8edb-a80414b2b3ed,b4d7a44e-702a-4959-81f7-a6272ef82b2a,8/23/2023 8:40:58 PM,lmartin49,8/23/2023 8:40:58 PM,lmartin49
209,1935e536-0616-44da-96aa-d51415460414,b4d7a44e-702a-4959-81f7-a6272ef82b2a,8/23/2023 8:40:58 PM,lmartin49,8/23/2023 8:40:58 PM,lmartin49
210,47c08155-1131-45e4-995d-57c2e3419f0b,b4d7a44e-702a-4959-81f7-a6272ef82b2a,8/23/2023 8:40:58 PM,lmartin49,8/23/2023 8:40:58 PM,lmartin49
211,e3d2b64b-5627-4b54-b1c1-3a70da712d04,5396f7c2-6701-4be4-850a-3656d5d60daa,8/23/2023 8:51:29 PM,lmartin49,8/23/2023 8:51:29 PM,lmartin49
212,19598eb2-ab45-4d2b-bb0d-a10a3c261644,5396f7c2-6701-4be4-850a-3656d5d60daa,8/23/2023 8:51:29 PM,lmartin49,8/23/2023 8:51:29 PM,lmartin49
213,57730dd2-f0f4-42e5-997a-92634a7c1147,5396f7c2-6701-4be4-850a-3656d5d60daa,8/23/2023 8:51:29 PM,lmartin49,8/23/2023 8:51:29 PM,lmartin49
214,4eb8616d-72fd-4c19-ab4b-751ec1848943,ad074036-f5bb-4ef8-b836-9d75c48adef5,8/23/2023 9:08:36 PM,lmartin49,8/23/2023 9:08:36 PM,lmartin49
215,de9273be-b5b0-42be-b0a7-7cda0bd60768,6bc8e10b-f8ec-48cc-bdf6-c3884697cc65,8/23/2023 10:43:02 PM,lmartin49,8/23/2023 10:43:02 PM,lmartin49
216,4b8fa77e-8b4c-4a30-a742-ebcf76fe2cb3,6bc8e10b-f8ec-48cc-bdf6-c3884697cc65,8/23/2023 10:43:02 PM,lmartin49,8/23/2023 10:43:02 PM,lmartin49
217,761a80ef-2ac1-4953-87a2-f0a077d5b339,d72c09fe-c916-44f0-812a-ae11c741652a,8/25/2023 4:56:42 PM,hazeyserm,8/25/2023 4:56:42 PM,hazeyserm
218,1c5bbc18-7e70-44dc-9cce-497ca90eb4d7,d72c09fe-c916-44f0-812a-ae11c741652a,8/25/2023 4:56:42 PM,hazeyserm,8/25/2023 4:56:42 PM,hazeyserm
219,32fcc5aa-8406-4fc7-9672-de814a3432c7,d72c09fe-c916-44f0-812a-ae11c741652a,8/25/2023 4:56:42 PM,hazeyserm,8/25/2023 4:56:42 PM,hazeyserm
220,e02c8def-704e-437e-b1bb-1fe881a20f82,d72c09fe-c916-44f0-812a-ae11c741652a,8/25/2023 4:56:42 PM,hazeyserm,8/25/2023 4:56:42 PM,hazeyserm
221,caad620b-88cf-4b51-ac0e-fcfab15f881b,d72c09fe-c916-44f0-812a-ae11c741652a,8/25/2023 4:56:42 PM,hazeyserm,8/25/2023 4:56:42 PM,hazeyserm
222,4f4aa605-74cc-4f1d-a5c5-b89b6f816325,8bce9f22-9380-4e7e-ac7b-2aca108b5a08,8/25/2023 4:58:07 PM,hazeyserm,8/25/2023 4:58:07 PM,hazeyserm
223,e5c5e0de-a650-4ac6-94ee-ff592d2b50cf,8bce9f22-9380-4e7e-ac7b-2aca108b5a08,8/25/2023 4:58:07 PM,hazeyserm,8/25/2023 4:58:07 PM,hazeyserm
224,087e7e1e-898d-45dd-bace-ee5fd61f2829,8bce9f22-9380-4e7e-ac7b-2aca108b5a08,8/25/2023 4:58:07 PM,hazeyserm,8/25/2023 4:58:07 PM,hazeyserm
225,7196ca6d-fe5f-4e32-a282-d97269b4b63a,8bce9f22-9380-4e7e-ac7b-2aca108b5a08,8/25/2023 4:58:07 PM,hazeyserm,8/25/2023 4:58:07 PM,hazeyserm
226,83b21a71-5d2b-4401-ae59-01c512f3eecf,8bce9f22-9380-4e7e-ac7b-2aca108b5a08,8/25/2023 4:58:07 PM,hazeyserm,8/25/2023 4:58:07 PM,hazeyserm
227,42eb9864-1bf7-4632-a86d-6fdfb1b71878,0a6df90c-6529-4e65-9196-7e4fa3660829,8/31/2023 5:51:03 PM,hazeyserm,8/31/2023 5:51:03 PM,hazeyserm
228,cf42d3d6-c9cf-4815-8cc8-9834dd339a7d,0a6df90c-6529-4e65-9196-7e4fa3660829,8/31/2023 5:51:03 PM,hazeyserm,8/31/2023 5:51:03 PM,hazeyserm
229,8280a002-42ea-4bbe-9471-b373c2102862,0a6df90c-6529-4e65-9196-7e4fa3660829,8/31/2023 5:51:03 PM,hazeyserm,8/31/2023 5:51:03 PM,hazeyserm
230,9d0c8c26-73b4-48f4-8c63-161d9a07c32c,0a6df90c-6529-4e65-9196-7e4fa3660829,8/31/2023 5:51:03 PM,hazeyserm,8/31/2023 5:51:03 PM,hazeyserm
231,f00576e8-9fbe-4857-8bc1-7ff421fe4ab6,0a6df90c-6529-4e65-9196-7e4fa3660829,8/31/2023 5:51:03 PM,hazeyserm,8/31/2023 5:51:03 PM,hazeyserm
232,2fb8680e-e408-4060-86f3-fb05a877cee5,8d0dcdc1-9931-4d9c-b501-92a2328029e8,9/3/2023 4:09:32 PM,averymsigarroa,9/3/2023 4:09:32 PM,averymsigarroa
233,2b35e6a0-43ff-48aa-bd92-11c095cdfe22,8d0dcdc1-9931-4d9c-b501-92a2328029e8,9/3/2023 4:09:32 PM,averymsigarroa,9/3/2023 4:09:32 PM,averymsigarroa
234,c2d1f2ce-35f2-45c8-ab5a-2b0891242311,8d0dcdc1-9931-4d9c-b501-92a2328029e8,9/3/2023 4:09:32 PM,averymsigarroa,9/3/2023 4:09:32 PM,averymsigarroa
235,3cf486c2-8ad7-458e-9c8b-039b09e8fe6a,8d0dcdc1-9931-4d9c-b501-92a2328029e8,9/3/2023 4:09:32 PM,averymsigarroa,9/3/2023 4:09:32 PM,averymsigarroa
236,950da80e-7bdd-4571-9ea8-91ebd5f7d565,8d0dcdc1-9931-4d9c-b501-92a2328029e8,9/3/2023 4:09:32 PM,averymsigarroa,9/3/2023 4:09:32 PM,averymsigarroa
237,31daafb3-ccdb-4837-8b91-7126b4b79e7e,8d0dcdc1-9931-4d9c-b501-92a2328029e8,9/3/2023 4:09:32 PM,averymsigarroa,9/3/2023 4:09:32 PM,averymsigarroa
238,1f9329ce-18d0-49c6-b0f4-136c6fab17fe,8d0dcdc1-9931-4d9c-b501-92a2328029e8,9/3/2023 4:09:32 PM,averymsigarroa,9/3/2023 4:09:32 PM,averymsigarroa
